Time,Execution Time
Thu Nov 26 16:29:03 2020,3.167850971221924
Thu Nov 26 16:29:05 2020,0.9124667644500732
Thu Nov 26 16:29:07 2020,1.0139210224151611
Thu Nov 26 16:29:09 2020,0.9442000389099121
Thu Nov 26 16:29:11 2020,0.9166438579559326
Thu Nov 26 16:29:13 2020,1.039025068283081
Thu Nov 26 16:29:15 2020,1.0262231826782227
Thu Nov 26 16:29:19 2020,1.0376954078674316
Thu Nov 26 16:29:21 2020,1.0425119400024414
Thu Nov 26 16:29:23 2020,1.032224178314209