cpu_usage,memory_usage
0.01895409788412679,0.35486399475146213
0.031858521268086776,0.14425020814233777
0.016759235787617132,0.28714844795630007
0.03818079884136322,0.39989392428803705
0.04111648390911035,0.20375382385628762
0.011934184449263766,0.1344057946424412
0.042053817216271605,0.40736162406961773
0.04286983318526917,0.3124217328074806
0.04792970106936103,0.2167379052449983
